Id,FirstName,LastName,PhoneNumber
1,Madonna,Rosa,18799394314
2,Rajah,Rhodes,14307319758
3,Tatum,Mercado,15576413320
4,Margaret,Macdonald,12385790527
5,Denton,Le,18610045475
6,Jordan,Carpenter,15319998439
7,Shana,Mathis,14346155163
8,Rowan,Compton,10429621602
9,Cheryl,Cain,13265014056
10,Hamish,Travis,10201023561
11,Berk,Yang,11211784888
12,Brielle,Cooper,16842573250
13,Azalia,Shannon,15623492655
14,Lester,Smith,12904188665
15,Avram,Sims,17343721401
16,Ulysses,Hinton,14531473549
17,Whilemina,Shaw,19011186917
18,Quincy,Collins,19401023971
19,Blair,Turner,15364053903
20,Ursula,Fitzgerald,10780284364
21,Tate,Sargent,19192508005
22,Vanna,Roach,17048293555
23,Kaye,Copeland,11760150240
24,Dakota,Long,10378133012
25,Ira,Gaines,12110696285
26,Jermaine,Walls,16407690860
27,Roary,Bolton,17084404553
28,Colorado,Carver,15571787651
29,Hakeem,Walsh,11961440408
30,Curran,Callahan,13271356720
31,Cameron,Herrera,10191110094
32,Ginger,Cooper,18427147975
33,Holmes,Williamson,17792685311
34,Howard,Black,10514172837
35,Iliana,Pena,14995527297
36,Vernon,Hendricks,18163034809
37,Chloe,Mcdowell,14466576271
38,Galena,Cote,13739750534
39,Mariko,Santana,12722987580
40,Otto,Bird,19846316304
41,Olympia,Barrett,19446411421
42,Yoko,Wilder,18438550545
43,Claire,George,13687644917
44,Tate,Stuart,14756238114
45,Fuller,Hamilton,14381720733
46,Chadwick,Swanson,16464522366
47,Harriet,Valencia,12211157948
48,Cameron,Farmer,17348448430
49,Sydnee,Harrison,16447767107
50,Hashim,Gonzalez,11398995468
51,Randall,Castaneda,15979702928
52,Zenaida,Allen,13158149006
53,Dolan,Wilcox,11558058735
54,Bryar,Keith,12539385988
55,Daniel,Reynolds,12214085471
56,Gabriel,Alexander,17466536611
57,Brianna,Tran,13317064239
58,Neve,Schwartz,15547153144
59,Erich,Cash,11521868686
60,Richard,Blake,10055742468
61,Camden,Camacho,16907047629
62,Kalia,Swanson,15263886101
63,Ulric,Morales,17618375078
64,Jaden,Nieves,18989328939
65,John,Reid,19545380824
66,Teegan,Booth,18804112131
67,Lucas,Davidson,16422986257
68,Simone,Greene,18925926967
69,Cullen,Robinson,17749574463
70,Demetrius,Gonzalez,17439769025
71,Timon,Dickerson,14097271437
72,Eagan,Lucas,16558183244
73,Uta,Riddle,10650685856
74,Grant,Benjamin,18750818769
75,Elton,Bush,15346004257
76,Xavier,Elliott,10873404912
77,William,Frank,18284027279
78,Ishmael,Roman,18161343739
79,Alfreda,Duke,11475289955
80,Lucius,Carpenter,15258374034
81,Kermit,Oneal,16892651938
82,Gary,Campos,17826023259
83,Joshua,Adkins,13837658889
84,Baxter,Lee,18052627816
85,Keaton,Austin,10083619180
86,Stella,Black,16557825376
87,Walter,Forbes,16294404514
88,Judith,Hanson,12561342897
89,Lunea,Chavez,18588081514
90,Alfonso,Reynolds,10747544609
91,Eugenia,Allison,16052447785
92,Tate,Valencia,18566371161
93,Gregory,Patrick,12961625703
94,Regina,Stephens,10967763422
95,Rachel,Trujillo,14900894482
96,Cain,Henderson,16133149810
97,Ulla,Cline,11009180228
98,Grant,Best,18391859743
99,Winter,Raymond,15169560280
100,Fritz,Pena,14804868064
